fips,county_name,poverty_rate,unemployment_rate,food_insecurity_rate,housing_cost_burden,poverty_rate_scaled,unemployment_rate_scaled,food_insecurity_rate_scaled,housing_cost_burden_scaled
39001,Adams,20.3,6.0,19.7,10.758341759,87.93103448275863,77.77777777777779,89.6551724137931,45.0571149832878
39003,Allen,13.1,4.4,14.3,10.109018831,46.55172413793104,33.33333333333334,43.10344827586208,40.22686995952368
39005,Ashland,13.8,4.3,14.0,7.9724409449,50.57471264367817,30.55555555555555,40.51724137931035,24.333091598721673
39007,Ashtabula,18.3,4.3,16.9,12.098503906,76.4367816091954,30.55555555555555,65.51724137931033,55.02644035660003
39009,Athens,22.1,5.2,18.3,18.144235186,98.27586206896554,55.555555555555564,77.58620689655174,100.0
39011,Auglaize,7.5,3.7,11.6,5.5487316422,14.367816091954024,13.888888888888891,19.827586206896544,6.30337280459727
39013,Belmont,14.3,5.2,15.9,5.5223285486,53.448275862068975,55.555555555555564,56.89655172413794,6.106962966019418
39015,Brown,17.4,5.0,16.6,9.4300208893,71.26436781609195,50.0,62.93103448275864,35.1758756274053
39017,Butler,11.7,4.2,12.9,10.420813193,38.50574712643678,27.777777777777782,31.03448275862069,42.54627545183707
39019,Carroll,12.5,4.8,15.1,6.8314606742,43.10344827586207,44.44444444444444,50.0,15.845459271095446
39021,Champaign,8.2,4.2,13.2,6.6147354755,18.39080459770115,27.777777777777782,33.62068965517241,14.233263293711195
39023,Clark,15.6,4.7,15.9,9.9413597215,60.919540229885065,41.66666666666667,56.89655172413794,38.979671463321644
39025,Clermont,8.8,4.1,13.0,9.5261568797,21.83908045977012,24.999999999999986,31.896551724137932,35.89102115701802
39027,Clinton,14.8,4.1,15.8,10.442532268,56.32183908045978,24.999999999999986,56.0344827586207,42.707841368295064
39029,Columbiana,13.9,4.9,15.8,8.4847740668,51.14942528735632,47.222222222222236,56.0344827586207,28.144283851225985
39031,Coshocton,18.8,4.8,17.8,9.6796657382,79.3103448275862,44.44444444444444,73.27586206896554,37.032957423087055
39033,Crawford,13.2,4.9,16.1,8.2528089888,47.12643678160919,47.222222222222236,58.620689655172434,26.41872001329455
39035,Cuyahoga,16.2,3.9,15.1,14.213564882,64.36781609195403,19.44444444444444,50.0,70.76015668438954
39037,Darke,11.2,4.0,14.0,6.8789499271,35.632183908045974,22.22222222222222,40.51724137931035,16.19872683275238
39039,Defiance,10.0,4.0,13.4,7.012296444,28.73563218390805,22.22222222222222,35.3448275862069,17.19067755852824
39041,Delaware,5.0,3.6,9.3,7.217847769,0.0,11.11111111111111,0.0,18.719752263725418
39043,Erie,12.5,4.8,14.3,11.799558777,43.10344827586207,44.44444444444444,43.10344827586208,52.80261895824218
39045,Fairfield,8.2,4.0,12.2,9.2972690903,18.39080459770115,22.22222222222222,24.999999999999996,34.18834894558839
39047,Fayette,16.0,4.5,17.3,10.515002239,63.2183908045977,36.11111111111111,68.96551724137932,43.246937866663394
39049,Franklin,14.5,4.0,13.5,12.77495211,54.59770114942529,22.22222222222222,36.20689655172414,60.05846745792114
39051,Fulton,8.7,4.7,12.8,6.8065967016,21.26436781609195,41.66666666666667,30.172413793103456,15.660498791889705
39053,Gallia,14.8,5.2,17.2,11.290322581,56.32183908045978,55.555555555555564,68.10344827586208,49.01446441205069
39055,Geauga,5.8,3.4,10.6,8.3882993978,4.597701149425287,5.555555555555548,11.20689655172413,27.42661892709975
39057,Greene,9.8,4.0,13.2,8.7201768427,27.58620689655173,22.22222222222222,33.62068965517241,29.895420362566366
39059,Guernsey,15.8,5.5,17.1,9.8965841429,62.06896551724139,63.888888888888886,67.24137931034485,38.6465906396012
39061,Hamilton,14.9,4.1,13.3,13.67853892,56.896551724137936,24.999999999999986,34.48275862068966,66.78015477918173
39063,Hancock,10.3,4.0,13.3,7.7936869509,30.459770114942536,22.22222222222222,34.48275862068966,23.003359422690366
39065,Hardin,18.2,4.4,16.3,8.1632653061,75.86206896551725,33.33333333333334,60.34482758620691,25.75261396787366
39067,Harrison,14.6,5.0,16.4,11.315789474,55.17241379310345,50.0,61.20689655172413,49.20390995275087
39069,Henry,8.4,4.7,13.3,6.5333939119,19.540229885057474,41.66666666666667,34.48275862068966,13.62817195031096
39071,Highland,14.4,4.6,16.5,8.5906450627,54.02298850574713,38.88888888888888,62.06896551724138,28.931847063697248
39073,Hocking,17.1,4.6,16.6,6.3628158845,69.54022988505749,38.88888888888888,62.93103448275864,12.359259930601176
39075,Holmes,8.8,3.2,11.5,6.3601532567,21.83908045977012,0.0,18.96551724137931,12.33945292221369
39077,Huron,12.0,5.2,14.9,9.2664930556,40.229885057471265,55.555555555555564,48.27586206896552,33.95940925772191
39079,Jackson,17.7,5.2,18.2,10.089503662,72.98850574712644,55.555555555555564,76.72413793103449,40.08169866819025
39081,Jefferson,16.9,5.8,17.5,10.003803728,68.39080459770115,72.22222222222221,70.6896551724138,39.444185865407434
39083,Knox,11.0,4.1,14.5,8.4649122807,34.48275862068966,24.999999999999986,44.82758620689655,27.996534111711792
39085,Lake,8.2,3.6,12.6,8.2248642001,18.39080459770115,11.11111111111111,28.44827586206896,26.210841666885212
39087,Lawrence,17.5,5.0,18.5,12.399283796,71.83908045977012,50.0,79.3103448275862,57.26391034922106
39089,Licking,10.1,4.0,13.2,8.7419232231,29.310344827586206,22.22222222222222,33.62068965517241,30.057189401025425
39091,Logan,11.3,4.0,13.4,7.1661760771,36.20689655172415,22.22222222222222,35.3448275862069,18.335371977881817
39093,Lorain,12.8,4.0,14.7,11.685965345,44.82758620689656,22.22222222222222,46.55172413793103,51.95760935517717
39095,Lucas,17.8,6.0,15.8,12.428107739,73.56321839080461,77.77777777777779,56.0344827586207,57.47832863207739
39097,Madison,9.7,3.7,13.0,6.8166776969,27.01149425287356,13.888888888888891,31.896551724137932,15.735490256510241
39099,Mahoning,18.3,5.0,16.1,10.650083612,76.4367816091954,50.0,58.620689655172434,44.25179400465037
39101,Marion,15.3,4.4,16.8,10.285833507,59.19540229885058,33.33333333333334,64.65517241379311,41.542175752756755
39103,Medina,6.1,3.3,11.4,7.793951385,6.321839080459769,2.7777777777777684,18.10344827586207,23.005326520170772
39105,Meigs,22.0,6.8,19.4,10.981775426,97.70114942528737,100.0,87.06896551724138,46.71921455135991
39107,Mercer,6.1,3.3,11.0,6.239757973,6.321839080459769,2.7777777777777684,14.655172413793101,11.44384505916192
39109,Miami,8.6,3.9,12.4,8.4260547056,20.68965517241379,19.44444444444444,26.724137931034484,27.7074766941023
39111,Monroe,15.1,6.2,17.1,7.2545454545,58.04597701149426,83.33333333333334,67.24137931034485,18.99274248958425
39113,Montgomery,14.9,4.5,14.6,11.893040949,56.896551724137936,36.11111111111111,45.689655172413794,53.49802301166822
39115,Morgan,14.3,5.5,17.5,8.6126126126,53.448275862068975,63.888888888888886,70.6896551724138,29.095261358824004
39117,Morrow,10.9,4.2,13.8,6.5764023211,33.9080459770115,27.777777777777782,38.79310344827587,13.948106986577399
39119,Muskingum,15.6,4.6,16.1,11.360929124,60.919540229885065,38.88888888888888,58.620689655172434,49.53969906535549
39121,Noble,11.7,6.4,18.0,6.4008859358,38.50574712643678,88.8888888888889,75.0,12.642459041423688
39123,Ottawa,8.4,6.0,13.7,7.0931537598,19.540229885057474,77.77777777777779,37.93103448275862,17.792166633434082
39125,Paulding,9.6,4.0,13.6,5.4818388956,26.4367816091954,22.22222222222222,37.068965517241374,5.805764692427599
39127,Perry,14.7,5.0,16.4,9.4172134311,55.747126436781606,50.0,61.20689655172413,35.080602291796836
39129,Pickaway,12.1,4.1,14.5,9.6388482186,40.804597701149426,24.999999999999986,44.82758620689655,36.72932018431347
39131,Pike,19.9,5.4,20.4,11.624513619,85.63218390804597,61.11111111111113,95.6896551724138,51.500476423451694
39133,Portage,11.4,4.3,13.3,11.983061681,36.781609195402304,30.55555555555555,34.48275862068966,54.16767777669848
39135,Preble,11.2,3.9,13.4,7.7575757576,35.632183908045974,19.44444444444444,35.3448275862069,22.734732050672616
39137,Putnam,7.1,3.5,10.4,4.7013782542,12.068965517241379,8.333333333333329,9.482758620689655,0.0
39139,Richland,13.9,5.0,15.2,10.531144867,51.14942528735632,50.0,50.86206896551724,43.36702117991963
39141,Ross,16.8,4.6,16.3,12.316403569,67.816091954023,38.88888888888888,60.34482758620691,56.647373050487026
39143,Sandusky,13.2,4.7,15.2,9.387755102,47.12643678160919,41.66666666666667,50.86206896551724,34.861464877410505
39145,Scioto,22.4,5.8,20.9,11.054637865,100.0,72.22222222222221,100.0,47.26123057793563
39147,Seneca,11.9,4.4,14.4,8.0824455767,39.6551724137931,33.33333333333334,43.96551724137932,25.151404494247448
39149,Shelby,11.1,3.9,13.5,5.9273422562,35.05747126436782,19.44444444444444,36.20689655172414,9.119817373789783
39151,Stark,12.7,4.5,14.5,9.03095207,44.25287356321839,36.11111111111111,44.82758620689655,32.20724461894775
39153,Summit,12.6,4.4,13.6,11.459696923,43.67816091954023,33.33333333333334,37.068965517241374,50.274422342565686
39155,Trumbull,16.8,5.2,16.7,10.293326961,67.816091954023,55.555555555555564,63.793103448275865,41.59791876957242
39157,Tuscarawas,13.0,4.0,14.8,9.8457411133,45.97701149425288,22.22222222222222,47.413793103448285,38.26837468552282
39159,Union,5.1,3.3,10.1,6.6232860795,0.5747126436781589,2.7777777777777684,6.896551724137923,14.296870338280511
39161,Van Wert,9.5,3.8,12.5,8.2964121275,25.862068965517242,16.666666666666657,27.586206896551726,26.743079179811108
39163,Vinton,16.7,5.2,19.1,10.057988402,67.24137931034484,55.555555555555564,84.48275862068968,39.84725996100257
39165,Warren,5.4,3.8,10.4,7.0662205814,2.2988505747126458,16.666666666666657,9.482758620689655,17.59181354973587
39167,Washington,12.9,5.0,15.9,8.9421487603,45.40229885057472,50.0,56.89655172413794,31.546646130467753
39169,Wayne,8.7,3.9,12.6,8.3014107122,21.26436781609195,19.44444444444444,28.44827586206896,26.780263126090972
39171,Williams,11.9,4.4,14.3,6.4541519087,39.6551724137931,33.33333333333334,43.10344827586208,13.038699016082617
39173,Wood,12.0,4.3,13.6,10.813388004,40.229885057471265,30.55555555555555,37.068965517241374,45.466598215009064
39175,Wyandot,7.5,3.9,12.3,6.1281337047,14.367816091954024,19.44444444444444,25.862068965517246,10.613483857920945
